dimension,segment,races,top1Accuracy,winnerInTop2,winnerInTop3,top2OracleGain,top3AdditionalGain
marginBand,"(-0.0009509, 0.244]",9503,0.36199095022624433,0.6347469220246238,0.8125854993160054,0.27275597179837946,0.17783857729138167
marginBand,"(0.244, 0.376]",9502,0.5245211534413807,0.7284782151126079,0.8522416333403494,0.2039570616712271,0.12376341822774153
marginBand,"(0.376, 0.506]",9502,0.6236581772258472,0.7798358240370449,0.8741317617343717,0.15617764681119764,0.09429593769732687
marginBand,"(0.506, 0.813]",9503,0.7220877617594443,0.8247921708934021,0.8982426602125645,0.1027044091339577,0.07345048931916237
entropyBand,"(0.305, 0.642]",9503,0.7172471850994423,0.8358413132694938,0.9069767441860465,0.11859412817005156,0.07113543091655267
entropyBand,"(0.642, 0.723]",9502,0.6161860660913492,0.7875184171753316,0.8856030309408546,0.17133235108398231,0.09808461376552305
entropyBand,"(0.723, 0.802]",9502,0.5033677120606188,0.7206903809724269,0.8469795832456325,0.21732266891180804,0.12628920227320564
entropyBand,"(0.802, 0.986]",9503,0.3954540671366937,0.6238030095759234,0.7976428496264337,0.2283489424392297,0.17383984005051037
lane1,1,37164,0.5614304165321279,0.744752986761382,0.860644709934345,0.1833225702292541,0.11589172317296308
lane1,2,394,0.434010152284264,0.6269035532994924,0.799492385786802,0.19289340101522842,0.17258883248730963
lane1,3,293,0.44368600682593856,0.6382252559726962,0.8054607508532423,0.1945392491467577,0.16723549488054607
lane1,4,149,0.30201342281879195,0.5771812080536913,0.7919463087248322,0.2751677852348993,0.21476510067114093
lane1,5,9,0.1111111111111111,0.3333333333333333,0.7777777777777778,0.2222222222222222,0.4444444444444444
lane1,6,1,0.0,1.0,1.0,1.0,0.0
jcd,1,1641,0.52224253503961,0.7081048141377209,0.8324192565508836,0.1858622790981109,0.12431444241316271
jcd,10,1498,0.5006675567423231,0.7136181575433912,0.842456608811749,0.2129506008010681,0.1288384512683578
jcd,11,1594,0.5407779171894604,0.739021329987453,0.8676286072772899,0.19824341279799249,0.1286072772898369
jcd,12,1698,0.5759717314487632,0.7444051825677267,0.8680800942285041,0.1684334511189635,0.12367491166077739
jcd,13,1349,0.6219421793921424,0.7954040029651593,0.8925129725722758,0.17346182357301704,0.09710896960711639
jcd,14,1459,0.48046607265250174,0.6908841672378341,0.8286497601096642,0.21041809458533242,0.13776559287183002
jcd,15,1657,0.5582377791188896,0.7483403741701871,0.8557634278817139,0.19010259505129753,0.10742305371152686
jcd,16,1353,0.5521064301552107,0.7272727272727273,0.8462675535846268,0.17516629711751663,0.11899482631189948
jcd,17,1637,0.5571166768478925,0.725717776420281,0.8478924862553452,0.1686010995723885,0.12217470983506414
jcd,18,1776,0.6013513513513513,0.7916666666666666,0.8800675675675675,0.19031531531531531,0.0884009009009009
jcd,19,1616,0.6188118811881188,0.7766089108910891,0.8762376237623762,0.1577970297029703,0.09962871287128713
jcd,2,1471,0.45887151597552683,0.672331747110809,0.8266485384092455,0.21346023113528212,0.15431679129843645
jcd,20,1547,0.6024563671622495,0.7744020685197156,0.8778280542986425,0.17194570135746606,0.10342598577892695
jcd,21,1681,0.6032123735871505,0.7638310529446758,0.8643664485425342,0.16061867935752527,0.10053539559785842
jcd,22,1658,0.5675512665862484,0.7768395657418576,0.8866103739445115,0.20928829915560918,0.1097708082026538
jcd,23,1418,0.5479548660084627,0.7404795486600846,0.8681241184767278,0.192524682651622,0.12764456981664316
jcd,24,1694,0.6446280991735537,0.795159386068477,0.8896103896103896,0.15053128689492326,0.09445100354191263
jcd,3,1481,0.4814314652261985,0.6954760297096556,0.8311951384199865,0.21404456448345713,0.13571910871033085
jcd,4,1252,0.4952076677316294,0.6876996805111821,0.8498402555910544,0.19249201277955272,0.1621405750798722
jcd,5,1684,0.5558194774346793,0.7173396674584323,0.8450118764845606,0.16152019002375298,0.12767220902612827
jcd,6,1806,0.5564784053156147,0.751937984496124,0.8599114064230343,0.1954595791805094,0.1079734219269103
jcd,7,1680,0.5803571428571429,0.7577380952380952,0.8595238095238096,0.1773809523809524,0.10178571428571428
jcd,8,1766,0.5583238958097395,0.7383918459796149,0.8590033975084937,0.18006795016987542,0.12061155152887883
jcd,9,1594,0.56900878293601,0.7434127979924717,0.8575909661229612,0.17440401505646172,0.11417816813048934
race_no,2,3467,0.4802422843957312,0.6991635419671185,0.8350158638592443,0.21892125757138736,0.13585232189212576
race_no,3,3498,0.483704974271012,0.6881074899942824,0.8207547169811321,0.20440251572327045,0.13264722698684964
race_no,4,3481,0.48922723355357656,0.6954898017810974,0.8385521401896007,0.20626256822752081,0.1430623384085033
race_no,5,3490,0.5449856733524355,0.7229226361031519,0.8538681948424068,0.17793696275071633,0.130945558739255
race_no,6,3467,0.5125468704932218,0.7184886068647246,0.8534756273435247,0.20594173637150273,0.13498702047880012
race_no,7,3457,0.5267573040208273,0.735898177610645,0.8623083598495805,0.20914087358981776,0.1264101822389355
race_no,8,3445,0.5338171262699565,0.7506531204644412,0.8629898403483309,0.21683599419448477,0.1123367198838897
race_no,9,3434,0.5675596971461853,0.754513686662784,0.861094933022714,0.18695398951659872,0.1065812463599301
race_no,10,3439,0.6068624600174469,0.7787147426577493,0.8764175632451294,0.17185228264030242,0.09770282058738006
race_no,11,3431,0.6846400466336345,0.8064704167881084,0.8941999417079569,0.12183037015447391,0.08772952491984844
race_no,12,3401,0.7139076742134667,0.8144663334313437,0.8953249044398707,0.1005586592178771,0.0808585710085269
month,2025-08,275,0.5490909090909091,0.7672727272727272,0.88,0.21818181818181817,0.11272727272727273
month,2025-09,3625,0.5384827586206896,0.7244137931034482,0.8518620689655172,0.18593103448275863,0.12744827586206897
month,2025-10,3538,0.5404183154324477,0.7297908422837761,0.856416054267948,0.18937252685132844,0.12662521198417184
month,2025-11,3340,0.5694610778443113,0.7458083832335329,0.8535928143712574,0.17634730538922155,0.10778443113772455
month,2025-12,4008,0.5598802395209581,0.7402694610778443,0.8645209580838323,0.18038922155688622,0.12425149700598802
month,2026-01,4356,0.5663452708907254,0.741505968778696,0.860651974288338,0.17516069788797062,0.11914600550964187
month,2026-02,3545,0.5588152327221438,0.7458392101551481,0.8614950634696756,0.18702397743300422,0.1156558533145275
month,2026-03,3811,0.5615324061926004,0.7467856205720284,0.8562057202833901,0.18525321437942796,0.10942009971136185
month,2026-04,1824,0.5619517543859649,0.737390350877193,0.8569078947368421,0.17543859649122806,0.11951754385964912
month,2026-05,3677,0.5580636388360076,0.7457166168071797,0.8602121294533587,0.18765297797117214,0.11449551264617895
month,2026-06,3827,0.5612751502482363,0.7546380977266789,0.8649072380454664,0.19336294747844265,0.11026914031878757
month,2026-07,2184,0.5668498168498168,0.7463369963369964,0.8626373626373627,0.1794871794871795,0.1163003663003663
coverageBand,high,38010,0.5580636674559326,0.7419626414101552,0.8593001841620627,0.18389897395422258,0.11733754275190739
missingnessBand,none,38010,0.5580636674559326,0.7419626414101552,0.8593001841620627,0.18389897395422258,0.11733754275190739
