fold,marginBand,entropyBand,feature_availability,top1_agreement,races,residualOnlyCorrect,treeOnlyCorrect,residualLogLossImprovementRate,meanResidualLogLossDelta
1,"(-0.0009509, 0.244]","(0.305, 0.642]",1.0,0.0,1,1,0,1.0,-0.26245875102375316
1,"(-0.0009509, 0.244]","(0.305, 0.642]",1.0,1.0,5,0,0,0.2,-0.07853156308362623
1,"(-0.0009509, 0.244]","(0.642, 0.723]",1.0,0.0,3,1,2,0.3333333333333333,0.3213150845903808
1,"(-0.0009509, 0.244]","(0.642, 0.723]",1.0,1.0,58,0,0,0.5172413793103449,0.039737662776372376
1,"(-0.0009509, 0.244]","(0.723, 0.802]",1.0,0.0,23,7,6,0.4782608695652174,-0.00942276524467328
1,"(-0.0009509, 0.244]","(0.723, 0.802]",1.0,1.0,412,0,0,0.5121359223300971,0.014960300227213931
1,"(-0.0009509, 0.244]","(0.802, 0.986]",1.0,0.0,109,29,31,0.46788990825688076,0.003574636024747276
1,"(-0.0009509, 0.244]","(0.802, 0.986]",1.0,1.0,1301,0,0,0.5219062259800153,-5.0977294685527584e-05
1,"(0.244, 0.376]","(0.305, 0.642]",1.0,1.0,34,0,0,0.6176470588235294,-0.022646030038547357
1,"(0.244, 0.376]","(0.642, 0.723]",1.0,0.0,3,2,0,1.0,-0.5428627108523824
1,"(0.244, 0.376]","(0.642, 0.723]",1.0,1.0,386,0,0,0.5880829015544041,-0.011587254821869036
1,"(0.244, 0.376]","(0.723, 0.802]",1.0,0.0,1,0,0,1.0,-0.5137580732458003
1,"(0.244, 0.376]","(0.723, 0.802]",1.0,1.0,854,0,0,0.5351288056206089,0.00572648675159701
1,"(0.244, 0.376]","(0.802, 0.986]",1.0,0.0,1,0,0,1.0,-0.2846226710821218
1,"(0.244, 0.376]","(0.802, 0.986]",1.0,1.0,521,0,0,0.6065259117082533,-0.009274326101922194
1,"(0.376, 0.506]","(0.305, 0.642]",1.0,1.0,239,0,0,0.5732217573221757,0.02351167802851335
1,"(0.376, 0.506]","(0.642, 0.723]",1.0,0.0,1,0,1,0.0,0.8494531688640217
1,"(0.376, 0.506]","(0.642, 0.723]",1.0,1.0,1042,0,0,0.5470249520153551,0.00880878052820194
1,"(0.376, 0.506]","(0.723, 0.802]",1.0,1.0,397,0,0,0.5264483627204031,0.02285190062562446
1,"(0.376, 0.506]","(0.802, 0.986]",1.0,1.0,9,0,0,0.6666666666666666,-0.019133928665378566
1,"(0.506, 0.813]","(0.305, 0.642]",1.0,1.0,1381,0,0,0.4170890658942795,0.020294187732868476
1,"(0.506, 0.813]","(0.642, 0.723]",1.0,1.0,288,0,0,0.4895833333333333,0.00613527467614031
1,"(0.506, 0.813]","(0.723, 0.802]",1.0,1.0,1,0,0,1.0,-0.10095051874953154
2,"(-0.0009509, 0.244]","(0.305, 0.642]",1.0,1.0,3,0,0,0.3333333333333333,-0.02043953825455395
2,"(-0.0009509, 0.244]","(0.642, 0.723]",1.0,0.0,3,0,2,0.3333333333333333,0.12352727908296346
2,"(-0.0009509, 0.244]","(0.642, 0.723]",1.0,1.0,44,0,0,0.4772727272727273,-0.0023389529856650496
2,"(-0.0009509, 0.244]","(0.723, 0.802]",0.9444444444444445,1.0,2,0,0,0.0,0.16135789890034824
2,"(-0.0009509, 0.244]","(0.723, 0.802]",1.0,0.0,24,11,5,0.625,0.011110080744483988
2,"(-0.0009509, 0.244]","(0.723, 0.802]",1.0,1.0,400,0,0,0.4975,0.013820381177874097
2,"(-0.0009509, 0.244]","(0.802, 0.986]",0.9444444444444445,1.0,8,0,0,0.375,0.05489288350153569
2,"(-0.0009509, 0.244]","(0.802, 0.986]",1.0,0.0,137,46,37,0.48175182481751827,-0.002700243594500097
2,"(-0.0009509, 0.244]","(0.802, 0.986]",1.0,1.0,1129,0,0,0.48361381753764393,0.01504325535087252
2,"(0.244, 0.376]","(0.305, 0.642]",1.0,1.0,31,0,0,0.6129032258064516,-0.014262514388202523
2,"(0.244, 0.376]","(0.642, 0.723]",0.9444444444444445,1.0,1,0,0,1.0,-0.21790364902357878
2,"(0.244, 0.376]","(0.642, 0.723]",1.0,0.0,1,0,1,0.0,0.2962182255983292
2,"(0.244, 0.376]","(0.642, 0.723]",1.0,1.0,338,0,0,0.5236686390532544,0.01141660208976771
2,"(0.244, 0.376]","(0.723, 0.802]",0.9444444444444445,1.0,7,0,0,0.42857142857142855,0.06298736981416674
2,"(0.244, 0.376]","(0.723, 0.802]",1.0,0.0,4,3,1,0.75,-0.23076145300601617
2,"(0.244, 0.376]","(0.723, 0.802]",1.0,1.0,921,0,0,0.5211726384364821,0.0072612739679601525
2,"(0.244, 0.376]","(0.802, 0.986]",0.9444444444444445,1.0,4,0,0,0.75,-0.12218518077647667
2,"(0.244, 0.376]","(0.802, 0.986]",1.0,0.0,1,0,0,1.0,-0.12773716908821564
2,"(0.244, 0.376]","(0.802, 0.986]",1.0,1.0,494,0,0,0.548582995951417,-0.0008055155106094393
2,"(0.376, 0.506]","(0.305, 0.642]",1.0,1.0,185,0,0,0.6054054054054054,-0.002692349544585127
2,"(0.376, 0.506]","(0.642, 0.723]",0.9444444444444445,1.0,3,0,0,0.3333333333333333,0.0004136847578378733
2,"(0.376, 0.506]","(0.642, 0.723]",1.0,0.0,2,2,0,1.0,-0.7067498804101585
2,"(0.376, 0.506]","(0.642, 0.723]",1.0,1.0,1048,0,0,0.5534351145038168,0.009346902860503404
2,"(0.376, 0.506]","(0.723, 0.802]",0.9444444444444445,1.0,1,0,0,1.0,-0.12719304382587643
2,"(0.376, 0.506]","(0.723, 0.802]",1.0,0.0,1,0,0,1.0,-0.48722781799156234
2,"(0.376, 0.506]","(0.723, 0.802]",1.0,1.0,509,0,0,0.581532416502947,0.0016873771565856955
2,"(0.376, 0.506]","(0.802, 0.986]",1.0,1.0,9,0,0,0.3333333333333333,0.1197922522974652
2,"(0.506, 0.813]","(0.305, 0.642]",1.0,1.0,1445,0,0,0.4228373702422145,0.008949390046220142
2,"(0.506, 0.813]","(0.642, 0.723]",1.0,1.0,298,0,0,0.4798657718120805,0.020483788731728177
2,"(0.506, 0.813]","(0.723, 0.802]",1.0,1.0,1,0,0,0.0,0.21800523521107973
3,"(-0.0009509, 0.244]","(0.305, 0.642]",1.0,1.0,2,0,0,0.5,-0.013860615621823114
3,"(-0.0009509, 0.244]","(0.642, 0.723]",1.0,0.0,2,1,1,0.5,0.08325350637270945
3,"(-0.0009509, 0.244]","(0.642, 0.723]",1.0,1.0,68,0,0,0.4264705882352941,0.02670645873134184
3,"(-0.0009509, 0.244]","(0.723, 0.802]",1.0,0.0,41,18,14,0.5853658536585366,-0.027566570368095827
3,"(-0.0009509, 0.244]","(0.723, 0.802]",1.0,1.0,460,0,0,0.5021739130434782,0.015619711488252768
3,"(-0.0009509, 0.244]","(0.802, 0.986]",1.0,0.0,119,39,32,0.46218487394957986,0.0002896504944277782
3,"(-0.0009509, 0.244]","(0.802, 0.986]",1.0,1.0,1394,0,0,0.5064562410329986,0.008618955427272285
3,"(0.244, 0.376]","(0.305, 0.642]",1.0,1.0,30,0,0,0.6333333333333333,0.03922954416553303
3,"(0.244, 0.376]","(0.642, 0.723]",1.0,1.0,426,0,0,0.5586854460093896,0.009304164135438438
3,"(0.244, 0.376]","(0.723, 0.802]",1.0,0.0,2,1,1,0.5,0.027059253748880296
3,"(0.244, 0.376]","(0.723, 0.802]",1.0,1.0,964,0,0,0.5684647302904564,0.004243883026549032
3,"(0.244, 0.376]","(0.802, 0.986]",1.0,1.0,579,0,0,0.5785837651122625,-0.003281384411567427
3,"(0.376, 0.506]","(0.305, 0.642]",1.0,1.0,292,0,0,0.5684931506849316,0.021286002934742157
3,"(0.376, 0.506]","(0.642, 0.723]",1.0,1.0,1264,0,0,0.5632911392405063,-0.004201817122054577
3,"(0.376, 0.506]","(0.723, 0.802]",1.0,0.0,1,1,0,1.0,-0.5722667894525209
3,"(0.376, 0.506]","(0.723, 0.802]",1.0,1.0,548,0,0,0.5620437956204379,-0.0066888246873920325
3,"(0.376, 0.506]","(0.802, 0.986]",1.0,1.0,18,0,0,0.4444444444444444,0.022770634767742635
3,"(0.506, 0.813]","(0.305, 0.642]",1.0,1.0,1608,0,0,0.417910447761194,0.019211285656984427
3,"(0.506, 0.813]","(0.642, 0.723]",1.0,1.0,323,0,0,0.4582043343653251,0.018495970518355463
4,"(-0.0009509, 0.244]","(0.305, 0.642]",1.0,0.0,1,1,0,0.0,0.01137670233627619
4,"(-0.0009509, 0.244]","(0.305, 0.642]",1.0,1.0,7,0,0,0.7142857142857143,-0.07576812136213047
4,"(-0.0009509, 0.244]","(0.642, 0.723]",1.0,0.0,6,1,1,0.5,0.03925243126826213
4,"(-0.0009509, 0.244]","(0.642, 0.723]",1.0,1.0,79,0,0,0.4810126582278481,0.016220125445827908
4,"(-0.0009509, 0.244]","(0.723, 0.802]",0.9444444444444445,0.0,1,0,0,0.0,0.2295369053926244
4,"(-0.0009509, 0.244]","(0.723, 0.802]",0.9444444444444445,1.0,4,0,0,0.75,-0.04486081980985607
4,"(-0.0009509, 0.244]","(0.723, 0.802]",1.0,0.0,34,14,7,0.7647058823529411,-0.07912997833811193
4,"(-0.0009509, 0.244]","(0.723, 0.802]",1.0,1.0,481,0,0,0.4968814968814969,0.013529526237188375
4,"(-0.0009509, 0.244]","(0.802, 0.986]",0.9444444444444445,0.0,2,1,0,0.5,-0.06066648611585379
4,"(-0.0009509, 0.244]","(0.802, 0.986]",0.9444444444444445,1.0,4,0,0,0.25,0.04413532548984664
4,"(-0.0009509, 0.244]","(0.802, 0.986]",1.0,0.0,106,26,22,0.5,0.007575071027413183
4,"(-0.0009509, 0.244]","(0.802, 0.986]",1.0,1.0,1090,0,0,0.4917431192660551,0.018117491451147237
4,"(0.244, 0.376]","(0.305, 0.642]",1.0,1.0,25,0,0,0.56,0.04489464395397102
4,"(0.244, 0.376]","(0.642, 0.723]",0.9444444444444445,1.0,2,0,0,0.0,0.096878537868611
4,"(0.244, 0.376]","(0.642, 0.723]",1.0,1.0,364,0,0,0.5851648351648352,-0.009102919313767536
4,"(0.244, 0.376]","(0.723, 0.802]",0.9444444444444445,1.0,2,0,0,0.0,0.41600252401840776
4,"(0.244, 0.376]","(0.723, 0.802]",1.0,1.0,1030,0,0,0.5320388349514563,0.008836772276037087
4,"(0.244, 0.376]","(0.802, 0.986]",0.9444444444444445,1.0,1,0,0,0.0,0.17046675871910533
4,"(0.244, 0.376]","(0.802, 0.986]",1.0,1.0,544,0,0,0.5275735294117647,0.011960850926874034
4,"(0.376, 0.506]","(0.305, 0.642]",0.9444444444444445,1.0,1,0,0,0.0,0.08842205767661637
4,"(0.376, 0.506]","(0.305, 0.642]",1.0,1.0,278,0,0,0.579136690647482,-0.018064807417199142
4,"(0.376, 0.506]","(0.642, 0.723]",0.9444444444444445,1.0,1,0,0,0.0,0.2989462559792164
4,"(0.376, 0.506]","(0.642, 0.723]",1.0,1.0,1231,0,0,0.5393988627132412,0.004868326935042064
4,"(0.376, 0.506]","(0.723, 0.802]",1.0,1.0,519,0,0,0.5433526011560693,0.011761909184657676
4,"(0.376, 0.506]","(0.802, 0.986]",1.0,1.0,16,0,0,0.5625,0.026018343668451977
4,"(0.506, 0.813]","(0.305, 0.642]",0.9444444444444445,1.0,2,0,0,0.5,-0.01858328890511285
4,"(0.506, 0.813]","(0.305, 0.642]",1.0,1.0,1733,0,0,0.38603577611079054,0.024538223282277043
4,"(0.506, 0.813]","(0.642, 0.723]",1.0,1.0,332,0,0,0.45481927710843373,0.01266183922297666
5,"(-0.0009509, 0.244]","(0.305, 0.642]",1.0,1.0,8,0,0,0.5,-0.044974554261440355
5,"(-0.0009509, 0.244]","(0.642, 0.723]",1.0,0.0,9,4,3,0.6666666666666666,-0.09770073077858304
5,"(-0.0009509, 0.244]","(0.642, 0.723]",1.0,1.0,76,0,0,0.5131578947368421,-0.0011556431146843337
5,"(-0.0009509, 0.244]","(0.723, 0.802]",1.0,0.0,40,21,10,0.6,-0.07561061932968584
5,"(-0.0009509, 0.244]","(0.723, 0.802]",1.0,1.0,425,0,0,0.5058823529411764,0.0026180252334918447
5,"(-0.0009509, 0.244]","(0.802, 0.986]",0.9444444444444445,1.0,4,0,0,1.0,-0.06524413403494578
5,"(-0.0009509, 0.244]","(0.802, 0.986]",1.0,0.0,140,37,47,0.45,0.012716847047714117
5,"(-0.0009509, 0.244]","(0.802, 0.986]",1.0,1.0,1238,0,0,0.4886914378029079,0.016404288452275588
5,"(0.244, 0.376]","(0.305, 0.642]",1.0,1.0,49,0,0,0.5918367346938775,0.018362075498295233
5,"(0.244, 0.376]","(0.642, 0.723]",1.0,0.0,1,0,1,0.0,0.4648203143751518
5,"(0.244, 0.376]","(0.642, 0.723]",1.0,1.0,424,0,0,0.5165094339622641,0.009639538347398802
5,"(0.244, 0.376]","(0.723, 0.802]",0.9444444444444445,1.0,2,0,0,1.0,-0.10914893954510896
5,"(0.244, 0.376]","(0.723, 0.802]",1.0,0.0,3,1,1,0.6666666666666666,-0.06505624584362142
5,"(0.244, 0.376]","(0.723, 0.802]",1.0,1.0,942,0,0,0.559447983014862,0.0024720386235525258
5,"(0.244, 0.376]","(0.802, 0.986]",0.9444444444444445,1.0,2,0,0,0.0,0.051044800829822434
5,"(0.244, 0.376]","(0.802, 0.986]",1.0,1.0,508,0,0,0.5846456692913385,0.001053620102461472
5,"(0.376, 0.506]","(0.305, 0.642]",1.0,0.0,1,0,1,0.0,0.6229174310513699
5,"(0.376, 0.506]","(0.305, 0.642]",1.0,1.0,330,0,0,0.5909090909090909,-0.013483317550689778
5,"(0.376, 0.506]","(0.642, 0.723]",0.9444444444444445,1.0,1,0,0,1.0,-0.2305488425619719
5,"(0.376, 0.506]","(0.642, 0.723]",1.0,0.0,2,0,2,0.0,0.6793165175860348
5,"(0.376, 0.506]","(0.642, 0.723]",1.0,1.0,1094,0,0,0.5457038391224863,0.006344997853201233
5,"(0.376, 0.506]","(0.723, 0.802]",1.0,0.0,1,1,0,1.0,-0.7174254988542272
5,"(0.376, 0.506]","(0.723, 0.802]",1.0,1.0,443,0,0,0.5869074492099323,-0.014243299963741548
5,"(0.376, 0.506]","(0.802, 0.986]",1.0,1.0,15,0,0,0.6666666666666666,-0.016160649019360582
5,"(0.506, 0.813]","(0.305, 0.642]",0.9444444444444445,1.0,2,0,0,0.5,0.08917346788578917
5,"(0.506, 0.813]","(0.305, 0.642]",1.0,1.0,1810,0,0,0.4016574585635359,0.01771733292157004
5,"(0.506, 0.813]","(0.642, 0.723]",1.0,1.0,278,0,0,0.5107913669064749,0.015244174390514805
5,"(0.506, 0.813]","(0.723, 0.802]",1.0,1.0,1,0,0,1.0,-0.08922792680926533
