modelName,dimension,segment,raceCount,logLossDelta,brierDelta,top1Delta,eceDelta
ranking_leaf15,venue,1,1641,0.2680285090450265,0.11546444834436587,-0.008531383302864182,0.20805689160319094
ranking_leaf15,venue,10,1498,0.2513493846807715,0.10022646612342323,0.002670226969292422,0.21537631040076355
ranking_leaf15,venue,11,1594,0.29177379059266295,0.12035271962407745,-0.005018820577164296,0.24718886460883385
ranking_leaf15,venue,12,1698,0.3209793785762103,0.1389035075785865,-0.0011778563015312216,0.27810684777247846
ranking_leaf15,venue,13,1349,0.3740030616516845,0.17097334050169177,-0.001482579688658281,0.30892898040928796
ranking_leaf15,venue,14,1459,0.23142161104163472,0.08662755777101816,-0.00959561343385884,0.17605919258547545
ranking_leaf15,venue,15,1657,0.3054150338513415,0.1339505932477928,-0.0018105009052504784,0.2375409955998987
ranking_leaf15,venue,16,1353,0.28039105716393764,0.12541067018172847,0.0,0.2648545639772722
ranking_leaf15,venue,17,1637,0.28240919098766226,0.12323446070358024,-0.0036652412950518576,0.27036189809056377
ranking_leaf15,venue,18,1776,0.3610725230312475,0.15687928706619603,-0.0028153153153153143,0.3135007034093454
ranking_leaf15,venue,19,1616,0.3616822597340259,0.16249727658171187,-0.0006188118811880639,0.32231688267782344
ranking_leaf15,venue,2,1471,0.21778055954557063,0.08069229607559603,-0.02311352821210061,0.16401341043760218
ranking_leaf15,venue,20,1547,0.34773374481698816,0.15441442326507393,-0.0019392372333548735,0.29061414458302537
ranking_leaf15,venue,21,1681,0.32665884946534485,0.1487796537247762,-0.0017846519928613747,0.29827982697846733
ranking_leaf15,venue,22,1658,0.36405234165840805,0.15078653851450385,-0.004825090470446214,0.2523130772852736
ranking_leaf15,venue,23,1418,0.3173259563365891,0.13210889453954966,-0.004231311706629048,0.2523481045172069
ranking_leaf15,venue,24,1694,0.4110938176943888,0.19305281322436252,-0.00649350649350644,0.31797908673562275
ranking_leaf15,venue,3,1481,0.24762916218149833,0.09026507283395879,-0.004726536124240344,0.19253139919832232
ranking_leaf15,venue,4,1252,0.26056220032683863,0.10206372556412213,-0.015974440894568676,0.1879797621636862
ranking_leaf15,venue,5,1684,0.2853832725254295,0.12448644285065347,-0.0071258907363419555,0.2559944454442979
ranking_leaf15,venue,6,1806,0.31048550636627814,0.13486941616545423,-0.007198228128460715,0.2437473249411203
ranking_leaf15,venue,7,1680,0.3328122246598735,0.14460079396675452,-0.0017857142857142794,0.28433162502068565
ranking_leaf15,venue,8,1766,0.31538074591260545,0.13804360748427902,-0.003963759909399789,0.2549173061941399
ranking_leaf15,venue,9,1594,0.3141426455060421,0.14046678200034868,-0.008155583437892022,0.26046885892336946
ranking_leaf15,month,2025-08,275,0.3117653068863988,0.1317488543721126,-0.0072727272727272085,0.18851540846677498
ranking_leaf15,month,2025-09,3625,0.2811351009460561,0.11791221801280505,-0.007172413793103405,0.24821030312137915
ranking_leaf15,month,2025-10,3538,0.2872379512928862,0.12216978497641728,-0.0025438100621819615,0.2586690942315337
ranking_leaf15,month,2025-11,3340,0.32027435546036553,0.14132915109820754,-0.002095808383233533,0.2672593436891112
ranking_leaf15,month,2025-12,4008,0.31386389449558005,0.13481843993663178,-0.0037425149700599514,0.2695081701322461
ranking_leaf15,month,2026-01,4356,0.3104240295121259,0.1354449453493306,-0.005968778696051391,0.2651172668777349
ranking_leaf15,month,2026-02,3545,0.30795439642615485,0.13256075856278215,-0.001692524682651575,0.26011146641748517
ranking_leaf15,month,2026-03,3811,0.3135590233783767,0.13494766356230414,-0.006559958016268741,0.2641559345415487
ranking_leaf15,month,2026-04,1824,0.3146756707161569,0.13628031966608123,-0.005482456140350811,0.26114264400436915
ranking_leaf15,month,2026-05,3677,0.3167636986842708,0.13503981951205657,-0.005711177590426941,0.2625644308913908
ranking_leaf15,month,2026-06,3827,0.3224872955674143,0.13761614415493162,-0.007055134570159494,0.2670776645389257
ranking_leaf15,month,2026-07,2184,0.3159755586799422,0.13827561508217623,-0.007783882783882756,0.26940039721375225
ranking_leaf15,topPickLane,1,38010,0.30914543009986084,0.1330247397987161,-0.005024993422783397,0.2669439028502012
ranking_leaf15,featureCoverage,3,38010,0.30914543009986084,0.1330247397987161,-0.005024993422783397,0.2669439028502012
ranking_leaf31,venue,1,1641,0.26308938971878293,0.11342288250148747,-0.008531383302864182,0.2087429205710498
ranking_leaf31,venue,10,1498,0.24842134227715107,0.09909971128119865,0.002670226969292422,0.21583085312221256
ranking_leaf31,venue,11,1594,0.2867201040491303,0.11825238173504093,-0.005018820577164296,0.24744303475449628
ranking_leaf31,venue,12,1698,0.31541459877845623,0.13646087877767865,-0.0011778563015312216,0.27787966195727926
ranking_leaf31,venue,13,1349,0.3682518806961632,0.16848668397638122,-0.001482579688658281,0.30854976727134914
ranking_leaf31,venue,14,1459,0.22680849208559084,0.08482567241948391,-0.00959561343385884,0.1762273319425937
ranking_leaf31,venue,15,1657,0.29933761267954373,0.13135767573389634,-0.0018105009052504784,0.23712446175924148
ranking_leaf31,venue,16,1353,0.2751672475402158,0.12310731156012389,0.0,0.26439426527418336
ranking_leaf31,venue,17,1637,0.2766784298140599,0.12068120317156705,-0.0036652412950518576,0.2691928637074591
ranking_leaf31,venue,18,1776,0.35642476118647415,0.15488662139349474,-0.0028153153153153143,0.3127789930337015
ranking_leaf31,venue,19,1616,0.3561971428689852,0.1600209819588465,-0.0006188118811880639,0.32135447813241325
ranking_leaf31,venue,2,1471,0.21232878844481884,0.07860737792662609,-0.02311352821210061,0.16494210472923163
ranking_leaf31,venue,20,1547,0.34120174423220484,0.15154862931204494,-0.0019392372333548735,0.28938101307840464
ranking_leaf31,venue,21,1681,0.32189996437791146,0.14669208895274566,-0.0017846519928613747,0.29730645271099065
ranking_leaf31,venue,22,1658,0.3579808548523655,0.1481050122068952,-0.004825090470446214,0.25186832644675816
ranking_leaf31,venue,23,1418,0.31136969613067955,0.1295892674298299,-0.004231311706629048,0.2519408283838487
ranking_leaf31,venue,24,1694,0.4046706746110704,0.1902123915472227,-0.00649350649350644,0.3173535663225118
ranking_leaf31,venue,3,1481,0.24309342641726284,0.08849547346350495,-0.004726536124240344,0.19369387866731358
ranking_leaf31,venue,4,1252,0.2548900670473859,0.09975446807284849,-0.015974440894568676,0.18882202887417235
ranking_leaf31,venue,5,1684,0.281315297705486,0.12276404474787028,-0.0071258907363419555,0.25632127443049557
ranking_leaf31,venue,6,1806,0.3063388661288866,0.13323751133016004,-0.007198228128460715,0.24486243699775165
ranking_leaf31,venue,7,1680,0.3272458815620083,0.14220626735839692,-0.0017857142857142794,0.28404661252274416
ranking_leaf31,venue,8,1766,0.30940717906189485,0.13546891037985742,-0.003963759909399789,0.2548068238108278
ranking_leaf31,venue,9,1594,0.30869421415921305,0.13804284108006126,-0.008155583437892022,0.2600677534920737
ranking_leaf31,month,2025-08,275,0.30501478929370984,0.12896605905265834,-0.0072727272727272085,0.1886029573916376
ranking_leaf31,month,2025-09,3625,0.2762466157106578,0.11588525899446,-0.007172413793103405,0.24835150952792262
ranking_leaf31,month,2025-10,3538,0.2825733068058687,0.1201953889197126,-0.0025438100621819615,0.25869142312689564
ranking_leaf31,month,2025-11,3340,0.3139095551250102,0.13852984747754649,-0.002095808383233533,0.26612136573587053
ranking_leaf31,month,2025-12,4008,0.3091178731229094,0.13281223815524612,-0.0037425149700599514,0.2694228353742767
ranking_leaf31,month,2026-01,4356,0.30564848759722874,0.13340329336504242,-0.005968778696051391,0.26517423630130454
ranking_leaf31,month,2026-02,3545,0.3029753202189809,0.13042677345592746,-0.001692524682651575,0.26001334615017935
ranking_leaf31,month,2026-03,3811,0.3085732763890814,0.13282190138103778,-0.006559958016268741,0.26405359901621395
ranking_leaf31,month,2026-04,1824,0.30848957300357593,0.1335774895248697,-0.005482456140350811,0.2608150535545847
ranking_leaf31,month,2026-05,3677,0.3113894976334717,0.13276354228298326,-0.005711177590426941,0.26244027752802834
ranking_leaf31,month,2026-06,3827,0.31646375293482043,0.1350880492374752,-0.007055134570159494,0.26706970366716587
ranking_leaf31,month,2026-07,2184,0.31026472550068585,0.13586719425210014,-0.007783882783882756,0.26943383240145363
ranking_leaf31,topPickLane,1,38010,0.3038735581026226,0.1307810282478924,-0.005024993422783397,0.2668115935054689
ranking_leaf31,featureCoverage,3,38010,0.3038735581026226,0.1307810282478924,-0.005024993422783397,0.2668115935054689
residual_c01_a05,venue,1,1641,0.06656355075655562,0.02585775188642625,-0.008531383302864182,0.04107247886016653
residual_c01_a05,venue,10,1498,0.029844454162561318,0.01057329635207438,0.002670226969292422,0.039456129258301345
residual_c01_a05,venue,11,1594,0.04107426943671055,0.015311563518652371,-0.005018820577164296,0.019909576707931746
residual_c01_a05,venue,12,1698,0.035044760899598515,0.012557647513316006,-0.0011778563015312216,0.022564039706032893
residual_c01_a05,venue,13,1349,0.04148246278741308,0.0134210153982659,-0.001482579688658281,0.03129491269268182
residual_c01_a05,venue,14,1459,0.04841011137139728,0.020627871695572897,-0.00959561343385884,0.05531171448479246
residual_c01_a05,venue,15,1657,0.04891437629937667,0.01709189904970687,-0.0018105009052504784,-0.0025678841314555056
residual_c01_a05,venue,16,1353,0.0319105563990818,0.01165127827128798,0.0,0.024901205994490222
residual_c01_a05,venue,17,1637,0.019214012024666438,0.007043447466417385,-0.0036652412950518576,0.023824117902439615
residual_c01_a05,venue,18,1776,0.030692937166666212,0.007487662288301666,-0.0028153153153153143,0.046613792992437224
residual_c01_a05,venue,19,1616,0.0345476765952919,0.009062953996987644,-0.0006188118811880639,0.038401744445836924
residual_c01_a05,venue,2,1471,0.06891646009068686,0.0349330089987171,-0.02311352821210061,0.11259567321478296
residual_c01_a05,venue,20,1547,0.03253979975245369,0.009527718988009748,-0.0019392372333548735,0.02063126989156487
residual_c01_a05,venue,21,1681,0.022390572566356237,0.005480951805838963,-0.0017846519928613747,0.02581188365963784
residual_c01_a05,venue,22,1658,0.05205408776251552,0.020385039664676086,-0.004825090470446214,0.0055963869068185595
residual_c01_a05,venue,23,1418,0.04581920660575567,0.015207767019405516,-0.004231311706629048,0.02481525326158548
residual_c01_a05,venue,24,1694,0.05417560969444901,0.02227041399199703,-0.00649350649350644,0.047188712697860256
residual_c01_a05,venue,3,1481,0.040498977801957325,0.017161955498363524,-0.004726536124240344,0.04933006304006034
residual_c01_a05,venue,4,1252,0.05537649735710559,0.02718074650512814,-0.015974440894568676,0.07532085884495704
residual_c01_a05,venue,5,1684,0.034129397530890726,0.011557653021780578,-0.0071258907363419555,0.01398596706964374
residual_c01_a05,venue,6,1806,0.04737500298038566,0.016696471902194365,-0.007198228128460715,0.018481029157197862
residual_c01_a05,venue,7,1680,0.054232085250954354,0.01495684306081324,-0.0017857142857142794,0.027674921366885347
residual_c01_a05,venue,8,1766,0.05426920049615225,0.018649940366328943,-0.003963759909399789,0.01682748695527516
residual_c01_a05,venue,9,1594,0.037763873854405716,0.014083012311699616,-0.008155583437892022,0.02983668379020763
residual_c01_a05,month,2025-08,275,0.04030892281251219,0.013493351919202978,-0.0072727272727272085,-0.026001957295147843
residual_c01_a05,month,2025-09,3625,0.046297756206636675,0.016895476787270658,-0.007172413793103405,0.03791153625895233
residual_c01_a05,month,2025-10,3538,0.03631374544197574,0.01436734324769362,-0.0025438100621819615,0.03316424091221081
residual_c01_a05,month,2025-11,3340,0.03951916683075063,0.014050729773798842,-0.002095808383233533,0.02595605758946644
residual_c01_a05,month,2025-12,4008,0.04211585700249709,0.014919491470049784,-0.0037425149700599514,0.021763602073259378
residual_c01_a05,month,2026-01,4356,0.040014936619959585,0.013392052339036842,-0.005968778696051391,0.019517827280015193
residual_c01_a05,month,2026-02,3545,0.04044861823484536,0.014015648621427346,-0.001692524682651575,0.020509792112248543
residual_c01_a05,month,2026-03,3811,0.04515973264326756,0.01774373465445067,-0.006559958016268741,0.012762605762510485
residual_c01_a05,month,2026-04,1824,0.04987095713080514,0.01799437589012043,-0.005482456140350811,0.013766603264821303
residual_c01_a05,month,2026-05,3677,0.045002048304073394,0.016107091687250108,-0.005711177590426941,0.02834154643211065
residual_c01_a05,month,2026-06,3827,0.04592005651554332,0.017906408340513602,-0.007055134570159494,0.03444559380233472
residual_c01_a05,month,2026-07,2184,0.04270118682473645,0.01604039643459465,-0.007783882783882756,0.03215348992207037
residual_c01_a05,topPickLane,1,38010,0.04271029954933869,0.015621294138601471,-0.005024993422783397,0.02526369556950319
residual_c01_a05,featureCoverage,3,38010,0.04271029954933869,0.015621294138601471,-0.005024993422783397,0.02526369556950319
residual_c10_a10,venue,1,1641,0.021341938603518518,0.00880397788576881,0.0006093845216330607,0.0009566652860543354
residual_c10_a10,venue,10,1498,-0.004718802024502811,-0.0031415126122014136,0.00867823765020026,0.013127219028122243
residual_c10_a10,venue,11,1594,0.009268825664617841,0.0033289345933904535,-0.0012547051442910462,0.014447198359229974
residual_c10_a10,venue,12,1698,0.01591020087477446,0.0070439051082547,-0.0017667844522968323,-0.0002975203357859328
residual_c10_a10,venue,13,1349,0.010045322627972864,0.0030331384927797522,0.006671608598962209,0.031042240780794053
residual_c10_a10,venue,14,1459,0.01783742247855913,0.00752689719874966,-0.002741603838245399,0.027891302204776605
residual_c10_a10,venue,15,1657,0.0057823931244120885,0.0014910050748042636,0.0024140012070005268,-0.018062657833751224
residual_c10_a10,venue,16,1353,0.001744858213139855,0.000266718358726159,0.006651884700665134,-0.011420409611000049
residual_c10_a10,venue,17,1637,0.00015815997705903584,-0.00019816491855628726,0.0006108735491753281,0.007867018332886801
residual_c10_a10,venue,18,1776,0.00023959563612718782,-0.0024215746330338295,0.0045045045045045695,0.03540420411393762
residual_c10_a10,venue,19,1616,0.009578086070172187,0.0035784447754423354,0.0018564356435644136,0.02775360153509733
residual_c10_a10,venue,2,1471,0.03227977314888575,0.018558572346309976,-0.012236573759347391,0.0934998303952683
residual_c10_a10,venue,20,1547,-0.0029666818863913758,-0.0012733615267991327,0.0006464124111182912,-0.0016645586717074848
residual_c10_a10,venue,21,1681,-0.00626362771547595,-0.0044702580120260516,0.002379535990481796,0.003771177768871769
residual_c10_a10,venue,22,1658,0.01940134909942226,0.006985238719920628,-0.00301568154402887,-0.014205827237208975
residual_c10_a10,venue,23,1418,0.001998988075680108,-0.001846736137812166,0.002115655853314524,0.0014656742722823982
residual_c10_a10,venue,24,1694,0.019297905274256566,0.010606850935120704,0.0005903187721369996,0.03276421249059134
residual_c10_a10,venue,3,1481,0.009263716498822294,0.006104575168577875,0.0013504388926401378,0.03438503357858528
residual_c10_a10,venue,4,1252,0.013007425795394267,0.009760560092879067,-0.008785942492012755,0.04164466099883847
residual_c10_a10,venue,5,1684,0.00910229434353127,0.0029715265475575015,-0.0017814726840854611,-0.010553397489998062
residual_c10_a10,venue,6,1806,0.003673198211870732,-0.0009142048037984463,0.0044296788482834915,-0.007064031115456247
residual_c10_a10,venue,7,1680,0.012208245929187678,0.002394581422855091,0.0029761904761904656,0.001231363511032299
residual_c10_a10,venue,8,1766,0.013660790748420526,0.003840946342875462,0.006228765571913986,-0.012379668377564691
residual_c10_a10,venue,9,1594,-0.001280608896687463,-0.0013015739824956407,0.0018820577164366803,0.0036423130839891224
residual_c10_a10,month,2025-08,275,-0.01155164124640562,-0.008370713466746227,0.0,-0.0245560778457474
residual_c10_a10,month,2025-09,3625,0.010962106952659534,0.004291327461265926,-0.0013793103448275223,0.012053285659050384
residual_c10_a10,month,2025-10,3538,0.005711532137812281,0.001973194183180871,0.0016958733747880483,0.011745033861232221
residual_c10_a10,month,2025-11,3340,0.008719191379142899,0.0026516826016489414,0.004790419161676662,-0.009743184690678426
residual_c10_a10,month,2025-12,4008,0.010193872319769426,0.0038834104933170854,-0.0007485029940119681,-0.009785937357857795
residual_c10_a10,month,2026-01,4356,0.004734002019556982,0.0013683747977801808,0.0011478420569329684,-0.011874604425666228
residual_c10_a10,month,2026-02,3545,0.009449199333183333,0.003080871812925934,0.0025387870239774735,-0.013974036274425974
residual_c10_a10,month,2026-03,3811,0.014275948910825509,0.006822907399918976,-0.0002623983206507807,-0.00419466681048869
residual_c10_a10,month,2026-04,1824,0.014840316410228427,0.005151205626797051,0.0027412280701754055,-0.011191214991494763
residual_c10_a10,month,2026-05,3677,0.006841417985465226,0.0024205695261985127,0.0024476475387543717,-0.0016944952762249152
residual_c10_a10,month,2026-06,3827,0.007849445114844311,0.0032154001896932405,0.002613012803762693,0.002295135550602099
residual_c10_a10,month,2026-07,2184,0.006641888657002992,0.0027562693078977407,-0.005036630036630019,0.001310575573657241
residual_c10_a10,topPickLane,1,36976,0.009629438153916814,0.0038439596968863343,-0.0008383816529640153,-0.0026958528433860852
residual_c10_a10,topPickLane,2,604,-0.02417769866501196,-0.01789307864146472,0.10430463576158944,0.07081264832389972
residual_c10_a10,topPickLane,3,335,-0.01834418458373821,-0.014893169140070883,0.014925373134328346,-0.003218982551126008
residual_c10_a10,topPickLane,4,91,-0.03850167027033158,-0.02458868916128154,0.043956043956043966,-0.013730543693947439
residual_c10_a10,featureCoverage,3,38010,0.008735653370346874,0.0032665693031599385,0.0010523546435149411,-0.004125230339973914
tree15_temp085,venue,1,1641,0.006020315949980537,0.003648664017169456,0.0,0.025540264718861616
tree15_temp085,venue,10,1498,0.008581871702236121,0.005271194941891544,0.0,0.05091396928809612
tree15_temp085,venue,11,1594,0.0035300222806440296,0.00209825334631919,0.0,0.028118576929121987
tree15_temp085,venue,12,1698,0.003374697336870236,0.0022782207941807187,0.0,0.024477952210823696
tree15_temp085,venue,13,1349,-0.005398930227731746,-0.0018930498059619438,0.0,-0.01406361978066547
tree15_temp085,venue,14,1459,0.0032202558348561894,0.0023743977649737236,0.0,0.017837017207456868
tree15_temp085,venue,15,1657,0.0052858085000406785,0.002933246055005112,0.0,0.013565647579889657
tree15_temp085,venue,16,1353,0.010010833846393563,0.003878879516946987,0.0,0.0435804057082758
tree15_temp085,venue,17,1637,0.008399749934231648,0.0038289821822575787,0.0,0.039093240780238736
tree15_temp085,venue,18,1776,0.0062436140269686025,0.004670150782322469,0.0,0.04663939647445422
tree15_temp085,venue,19,1616,0.004796574110595531,0.003251132173167637,0.0,0.028025201454351945
tree15_temp085,venue,2,1471,0.007254377056582273,0.0034566400499632666,0.0,0.05000414899756611
tree15_temp085,venue,20,1547,-4.8264434206579665e-05,0.0016035073353138918,0.0,0.00764786500630997
tree15_temp085,venue,21,1681,0.003367699642669919,0.0012013576217642097,0.0,0.013137912797086464
tree15_temp085,venue,22,1658,-0.0031711159445269033,0.0002486350645567459,0.0,-0.0012376861619571786
tree15_temp085,venue,23,1418,-0.0011903654482823267,0.0006148202944588066,0.0,0.018051875777247716
tree15_temp085,venue,24,1694,-0.002293339140775119,-0.0010610278710422305,0.0,-0.017752714992767413
tree15_temp085,venue,3,1481,0.01178386554350963,0.00619827761399272,0.0,0.048832680609852866
tree15_temp085,venue,4,1252,-0.001616101166555417,0.000420135674325528,0.0,0.016051360926529677
tree15_temp085,venue,5,1684,0.003725324902984495,0.0011986678049696886,0.0,0.00894615046113319
tree15_temp085,venue,6,1806,-0.0029528652724271076,-0.0008325890317057993,0.0,-0.0065169073898232385
tree15_temp085,venue,7,1680,0.003466390838004374,0.0023619687423015456,0.0,0.02650137119171029
tree15_temp085,venue,8,1766,0.003064038415385273,0.0031717290384106755,0.0,0.025558324357439308
tree15_temp085,venue,9,1594,-0.0004526373363387126,-0.0001499802755199342,0.0,0.0041400980568696705
tree15_temp085,month,2025-08,275,0.002296692323359828,0.0016824386511463674,0.0,-0.011173296720179943
tree15_temp085,month,2025-09,3625,0.007369902506926929,0.004127199375175139,0.0,0.04510982971100469
tree15_temp085,month,2025-10,3538,0.007168004248876869,0.0037075434587782174,0.0,0.04930392286927337
tree15_temp085,month,2025-11,3340,-0.0016188493321116493,-0.0002505471795645198,0.0,0.0035128354823572155
tree15_temp085,month,2025-12,4008,0.002542627943112663,0.0019757046188624283,0.0,0.028062360703634513
tree15_temp085,month,2026-01,4356,0.002134030880444282,0.0010317081409476625,0.0,0.011390369290697658
tree15_temp085,month,2026-02,3545,0.0012242709235485982,0.0010561002166891154,0.0,0.014851225472144979
tree15_temp085,month,2026-03,3811,0.0037444349900588314,0.0029269379090735015,0.0,0.0305865262202302
tree15_temp085,month,2026-04,1824,0.004583344344382567,0.0030935641603370145,0.0,0.02867980273784553
tree15_temp085,month,2026-05,3677,0.0021105472088238653,0.0022249016389735976,0.0,0.028520339596193076
tree15_temp085,month,2026-06,3827,0.002196997066032713,0.002134296097606181,0.0,0.033655541543499895
tree15_temp085,month,2026-07,2184,0.00402198640885798,0.0016241857338655796,0.0,0.023886703377847197
tree15_temp085,topPickLane,1,37164,0.0032915956187382633,0.0022188383448107363,0.0,0.031089668598759702
tree15_temp085,topPickLane,2,394,-0.002776950657830124,-0.003514479638901169,0.0,-0.02424436861469062
tree15_temp085,topPickLane,3,293,-0.0098527591555444,-0.0034693335494256905,0.0,-0.015012149092099802
tree15_temp085,topPickLane,4,149,0.0020222143905592738,0.0028521887274389757,0.0,0.01578767257064935
tree15_temp085,featureCoverage,3,38010,0.0031231289392730233,0.002119289847902106,0.0,0.03088808886186048
tree15_temp115,venue,1,1641,0.01014145049318782,0.004374500414635385,0.0,0.017676303052287096
tree15_temp115,venue,10,1498,0.007589609364779815,0.002582566306014167,0.0,0.021046369052480064
tree15_temp115,venue,11,1594,0.011860171123293739,0.005148947282552774,0.0,0.036680908580641505
tree15_temp115,venue,12,1698,0.013491555022959068,0.005925315990387814,0.0,0.03781359221062927
tree15_temp115,venue,13,1349,0.0210041715403555,0.009871796723634252,0.0,0.05296161830087731
tree15_temp115,venue,14,1459,0.009526003400348593,0.0037135427201948623,0.0,0.01588660360171168
tree15_temp115,venue,15,1657,0.011913475381573724,0.005483191276544841,0.0,0.02961132732829804
tree15_temp115,venue,16,1353,0.008297958730206556,0.004502546740769886,0.0,0.03436488218082225
tree15_temp115,venue,17,1637,0.00928601559229314,0.0044470833131811105,0.0,0.044782633644116956
tree15_temp115,venue,18,1776,0.012934092981342182,0.004867932637652284,0.0,0.04429653455629785
tree15_temp115,venue,19,1616,0.014321853681731334,0.006026260013281548,0.0,0.04941327139942271
tree15_temp115,venue,2,1471,0.00625836818770753,0.0025195827110841007,0.0,0.02725782495176986
tree15_temp115,venue,20,1547,0.017087595000035538,0.007085125713220064,0.0,0.040043674167590415
tree15_temp115,venue,21,1681,0.014409799508010801,0.007184519647713383,0.0,0.05079462380158063
tree15_temp115,venue,22,1658,0.017529043420660306,0.007235229123328191,0.0,0.025735611570212015
tree15_temp115,venue,23,1418,0.015403568612678553,0.006621583238592965,0.0,0.0493248598664649
tree15_temp115,venue,24,1694,0.01970360067071253,0.009392196302959288,0.0,0.042570697426052635
tree15_temp115,venue,3,1481,0.004342032874567581,0.0010105290910346065,0.0,0.008311410510004853
tree15_temp115,venue,4,1252,0.013557931951647229,0.005573893363860494,0.0,0.041016288688687425
tree15_temp115,venue,5,1684,0.011910242658997428,0.006023693887268533,0.0,0.04829973669776885
tree15_temp115,venue,6,1806,0.016846327017740803,0.007723564185787568,0.0,0.03651339578158526
tree15_temp115,venue,7,1680,0.013756157090216936,0.0059347388386707944,0.0,0.045497224832508135
tree15_temp115,venue,8,1766,0.013526878384021668,0.005469587227868611,0.0,0.022127703729145777
tree15_temp115,venue,9,1594,0.01544938686734465,0.007565574232249905,0.0,0.040775281221593136
tree15_temp115,month,2025-08,275,0.013541323806704364,0.00578021875270518,0.0,-0.0156311291958688
tree15_temp115,month,2025-09,3625,0.009456202599685382,0.003894472066498289,0.0,0.03631636403320576
tree15_temp115,month,2025-10,3538,0.009737287769164826,0.004240218577876598,0.0,0.03988144529149519
tree15_temp115,month,2025-11,3340,0.01653106564975748,0.007712448862055021,0.0,0.04459953081152747
tree15_temp115,month,2025-12,4008,0.013510782812289124,0.005846973772769659,0.0,0.04214680006424877
tree15_temp115,month,2026-01,4356,0.013687378486188173,0.006471028540706247,0.0,0.04242643590615158
tree15_temp115,month,2026-02,3545,0.014210183935425169,0.006420632014990102,0.0,0.040753404139160704
tree15_temp115,month,2026-03,3811,0.012835324453182473,0.005356636458687225,0.0,0.03558272058067882
tree15_temp115,month,2026-04,1824,0.012357125722862294,0.00529884199263797,0.0,0.02845708186004142
tree15_temp115,month,2026-05,3677,0.013762340338191237,0.005684100953122662,0.0,0.04234085117257104
tree15_temp115,month,2026-06,3827,0.01381385699943749,0.005805734731257117,0.0,0.04515186962353161
tree15_temp115,month,2026-07,2184,0.012481924467628858,0.006015982151302834,0.0,0.04494141955216692
tree15_temp115,topPickLane,1,37164,0.013072144262886942,0.005768280735883757,0.0,0.04120294083934264
tree15_temp115,topPickLane,2,394,0.008659258319374086,0.0042189210737438865,0.0,0.018971966787080533
tree15_temp115,topPickLane,3,293,0.0140558771360626,0.004367064007659294,0.0,0.01613789775868049
tree15_temp115,topPickLane,4,149,0.004449242872074377,-0.0005389248004394886,0.0,-0.05696431223214652
tree15_temp115,featureCoverage,3,38010,0.012996593531281908,0.00571400226260943,0.0,0.04340167386014396
